cabinet,email,prenom,accroche,priority,cabinet_type,phone,address,city,source_url,date_found,confidence,notes
Fiduciaire Zbiri (Fiducia.ma),benzbiri@gmail.com,,"Votre cabinet gère la TVA, l'IS, l'IR et la CNSS de ses clients à Guéliz, donc des échéances à suivre chaque mois.",A,Fiduciaire / expert-comptable,+212 661 04 43 09,"Bd Moulay Rachid, Guéliz",Marrakech,https://www.fiducia.ma/contact,2026-10-09,Medium,"Lists TVA, IS, IR, CNSS; Gmail"
KAP Conseil,kapconseil@gmail.com,,"J'ai vu que KAP Conseil propose la déclaration de TVA à partir de 500 MAD par mois. À ce prix, chaque heure de saisie gagnée compte.",A,Fiduciaire,+212 700 77 01 64,"Bd Yacoub El Mansour, Al Amira 3",Marrakech,https://kap-conseil.com/contactez-nous/,2026-10-09,Medium,VAT returns from 500 MAD/month; Gmail
Finance Center,direction@financecenter.ma,,"Depuis 1998, Finance Center suit la comptabilité et la fiscalité de nombreuses entreprises à Marrakech.",A,Fiduciaire (since 1998),+212 524 31 40 46,"Av. Allal El Fassi, Daoudiate",Marrakech,https://www.financecenter.ma/contact,2026-10-09,High,
CMC Marrakech,contact@cmcmarrakech.com,,,A,Cabinet comptable / fiduciaire,+212 524 43 55 32,"Av. Prince My Abdellah, Majorelle",Marrakech,https://cmcmarrakech.com/contact/,2026-10-09,High,
FIDUMAR (Fiduciaire de Marrakech),contact@fidumar.com,,,A,Fiduciaire,+212 524 44 88 92,151 Rue Mohamed El Beqal,Marrakech,http://fidumar.com/contact/,2026-10-09,High,
Clair Expert,contact@clairexpert.ma,,J'ai lu votre guide sur la TVA au Maroc publié sur clairexpert.ma ; vous connaissez bien le poids des déclarations pour vos clients.,A,Expert-comptable,+212 661 48 34 46,"Av. Mohammed V, Guéliz",Marrakech,https://clairexpert.ma/contact,2026-10-09,High,Publishes a TVA guide: VAT is a stated focus
Fiduciaire Accountability Plus,contact@account.ma,,,A,Fiduciaire,+212 524 20 03 52,"180 Bd Abdelkrim Al Khattabi, Guéliz",Marrakech,https://www.account.ma/,2026-10-09,High,
Rmili & Associés,contact@cabinetrmili.ma,,,A,Cabinet comptable,,Marrakech,Marrakech,https://cabinetrmili.ma/contact.php,2026-10-09,High,Also cabinetrmili@gmail.com
Sud Audit Conseil,sudaudit@gmail.com,,,A,Expert-comptable (PME),+212 524 43 22 03,Guéliz,Marrakech,https://sudauditconseils.com/contact/,2026-10-09,Low,Old pages; Gmail
Fidurak,contact@fidurak.com,,,B,Expertise comptable & CAC (since 1983),+212 524 43 43 00,"106 Rue Yougoslavie, Guéliz",Marrakech,https://fidurak.com/,2026-10-09,High,
MCG - Marrakech Consulting Group,contact@mcgmaroc.com,,,B,Cabinet comptable + conseil RH,+212 524 43 75 75,Guéliz,Marrakech,https://mcgmaroc.com/,2026-10-09,High,Multi-service
Cabinet Bahmad,direction@cabinet-bahmad.com,,,B,Fiduciaire (Maroc + France),,Guéliz,Marrakech,http://www.cabinet-bahmad.com/contact/,2026-10-09,Medium,Pages several years old
Sud Invest Consulting,contact@sudinvestconsulting.com,,,B,Expert-comptable,+212 524 45 72 05,Guéliz,Marrakech,https://sudinvestconsulting.com/en/privacy-policy/,2026-10-09,Medium,Site also lists amine@sudinvest-consulting.com and cabinet.sudinvest@gmail.com
Atrium,contact@atrium.ma,,,C,Création d'entreprise,,Guéliz,Marrakech,https://atrium.ma/contact/,2026-10-09,High,Company-formation focus
