cabinet,phone,address,city,source_url,date_found,notes
Cabinet AOS (Atlas Outsource Solution),+212 661 51 64 89,Casablanca Finance City,Casablanca,https://cabinet-aos.com/expert-comptable-casablanca/,2026-10-09,Expert-comptable (OEC); white-label accounting. Use contact form
FIDINOVA,,Sidi Bernoussi,Casablanca,http://fiduciaireinova.com/contact/,2026-10-09,Contact page has phone only; TVA mensuelle/trimestrielle
17 FIDUS,,283 Bd Yaacoub El Mansour,Casablanca,https://17fidus.com/,2026-10-09,Contact form only
Eurex Casablanca,+212 522 86 26 30,187 Bd Abdelmoumen,Casablanca,https://www.eurex.fr/experts-comptables/casablanca/,2026-10-09,'Nous écrire' form
Comptable Casablanca,+212 610 61 15 71,Résidences City Laymoune,Casablanca,https://www.comptablecasablanca.ma/,2026-10-09,Listed email belongs to its web agency: do not use
Capitalia,+212 537 72 87 66,Av. Chajarat Al Qods,Rabat,https://capitalia.ma/,2026-10-09,Email hidden on site
Compta Pro,+212 537 70 45 38,"1 Rue de Beyrouth, Imm. Mamounia",Rabat,http://www.comptapro.ma/page.html,2026-10-09,Lists TVA refunds; contact page only
Efficience Expertise,+212 661 23 48 14,Several cities,Rabat / Marrakech,https://efficienceexpertise.com/expert-comptable-rabat/,2026-10-09,Phone only on site
Excellent Consulting,+212 673 22 71 20,Lot Al Massar,Marrakech,https://marrakechfiduciaire.com/,2026-10-09,Prepares VAT returns; email not confirmed on site
Fidutra-Com,+212 661 39 95 90,Marrakech,Marrakech,https://www.fidutra.ma/,2026-10-09,Phone only
Comptakech,+212 661 68 25 81,M'hamid,Marrakech,https://comptakech.com/comptable-marrakech/,2026-10-09,Email hidden on site
